{
    "Accuracy": 0.7074429771908763,
    "Top_5_Accuracy": 0.8776710629463196,
    "Precision": 0.5669831593976251,
    "Recall": 0.5663078530890656,
    "F1_score": 0.5611250775913069
}