{
    "Accuracy": 0.625318418429505,
    "Top_5_Accuracy": 0.8132683634757996,
    "Precision": 0.625318418429505,
    "Recall": 0.625318418429505,
    "F1_score": 0.625318418429505,
    "AUC": 0.9284425808699345,
    "Thresholds": [
        0.2408803179860115,
        0.00032470708538312465,
        0.49811217188835144,
        0.0018890193314291537,
        0.03010967466980219,
        0.05963265523314476,
        0.012535140849649906,
        0.06650301069021225,
        0.7159404158592224,
        0.024789427407085896,
        0.0005139479762874544,
        0.36782407760620117,
        0.40984854102134705,
        0.0008633676334284246,
        0.08653247728943825,
        0.0975661352276802,
        0.9379928708076477,
        0.04727954976260662,
        0.206125408411026,
        0.11247315257787704,
        0.08479055389761925,
        0.5438761413097382,
        0.0192266758531332,
        0.16201678663492203,
        0.0003385654999874532,
        0.02428651601076126,
        0.34220121800899506,
        0.49585138261318207,
        0.12716207653284073,
        0.011643491219729185,
        0.0001507381020928733,
        0.06869737058877945,
        0.1450008973479271,
        0.016473467461764812,
        0.014602367300540209,
        0.008287327364087105,
        0.03163475077599287,
        0.7434578835964203,
        0.001149985648225993,
        0.008424737956374884,
        0.7262993454933167,
        0.2503894567489624,
        0.00023884131223894656,
        0.320656955242157,
        0.6395449340343475,
        0.3154362589120865,
        0.006649699527770281,
        0.4570935368537903,
        0.01696005742996931,
        0.20852669328451157,
        0.26175762712955475,
        0.5357008576393127,
        0.13786321878433228,
        0.30588299036026,
        0.0004188299790257588,
        0.025620135478675365,
        0.44341275095939636,
        0.14725761860609055,
        0.20633991807699203,
        0.008109589107334614,
        0.15358906984329224,
        0.6173037886619568,
        0.0008399547077715397,
        0.0008128172485157847,
        0.07839079573750496,
        0.00020266436331439763,
        0.2368350848555565,
        0.4579555243253708,
        0.24129953980445862,
        0.22281396389007568,
        0.061243925243616104,
        0.10427891835570335,
        0.521514505147934,
        0.03149183839559555,
        0.07447502389550209,
        0.0004711763758677989,
        0.0009894940885715187,
        0.2704671025276184,
        0.051434680819511414,
        0.30293355882167816,
        0.1959986910223961,
        0.005604925099760294,
        0.7953663170337677,
        0.08374068140983582,
        0.12793205678462982,
        0.2687654197216034,
        0.22042087465524673,
        0.0006468036444857717,
        0.024917077273130417,
        0.0018084552721120417,
        0.007207001559436321,
        0.0007453105063177645,
        0.00034368422348052263,
        0.03915016911923885,
        0.32856906950473785,
        0.05676741898059845,
        0.003012710250914097,
        0.00082185841165483,
        0.002397818607278168,
        0.057612717151641846,
        0.004435141105204821,
        0.014541906770318747,
        0.0007918125775177032,
        0.13381323963403702,
        0.004761663498356938,
        0.7836177349090576,
        0.0007396574656013399,
        0.172918863594532,
        0.4308714121580124,
        0.3573044687509537,
        0.00917229289188981,
        0.18862078338861465,
        0.8380884528160095,
        0.3230910152196884,
        0.11330024525523186,
        0.00011686708967317827,
        0.2962394058704376,
        0.27980515360832214,
        0.14878734946250916,
        0.0022954267915338278,
        0.07820325717329979,
        0.000685711478581652,
        0.4385608732700348,
        0.003252024995163083,
        0.028245449997484684,
        0.44762855768203735,
        0.006273852428421378,
        0.13193757832050323,
        0.4217408746480942,
        0.068427175283432,
        0.7365174889564514,
        0.2657390534877777,
        0.1675637811422348,
        0.2064894735813141,
        0.2996952533721924,
        0.0014746529050171375,
        0.03743836469948292,
        0.3334711641073227,
        0.07714070752263069,
        0.0021188126411288977,
        0.0008942863787524402,
        0.004867891315370798,
        0.36844921112060547,
        0.03378962818533182,
        0.11086848750710487,
        0.0013480786583386362,
        0.03475458174943924,
        0.019807607866823673,
        0.25210990011692047,
        0.0738690160214901,
        0.06229614466428757,
        0.009754990693181753,
        0.6335562169551849,
        0.2322336956858635,
        0.028753201477229595,
        0.13531649857759476,
        0.3482813984155655,
        0.017572006210684776,
        0.04309871606528759,
        0.3288726806640625,
        0.028729249723255634,
        0.15332336723804474,
        0.02554289624094963,
        0.07625579833984375,
        0.18748809397220612,
        0.056328557431697845,
        0.10931750014424324
    ],
    "Acc_thr": 0.32982611584893123
}